x,y,th,image
0.2586410106275828,0.00392165524414983,4.923763528127332,00000000.jpg
